{
    "exportFormatVersion": 1.3,
    "exportTime": "2015-10-08 23:13:27",
    "containerVersion": {
        "accountId": "16910885",
        "containerId": "722459",
        "containerVersionId": "0",
        "deleted": false,
        "container": {
            "accountId": "16910885",
            "containerId": "722459",
            "name": "©®™ Everlasting Fairytale",
            "domainName": [
                "//everlastingfairytale.com",
                "//everlastingfairytale.org",
                "//everlastingfairytale.net",
                "//everlastingfairytale.info",
                "//everlastingfairytaleculturalforum.co",
                "//everlastingfairytaleculturalforum.com",
                "//everlastingfairytaleculturalforum.net",
                "//everlastingfairytaleculturalforum.org"
            ],
            "publicId": "GTM-TV9D57",
            "timeZoneCountryId": "AU",
            "timeZoneId": "Australia/Perth",
            "notes": "",
            "usageContext": [
                "WEB"
            ],
            "fingerprint": "1444342387424",
            "enabledBuiltInVariable": [
                "PAGE_URL",
                "PAGE_HOSTNAME",
                "PAGE_PATH",
                "REFERRER",
                "EVENT",
                "CLICK_ELEMENT",
                "CLICK_CLASSES",
                "CLICK_ID",
                "CLICK_TARGET",
                "CLICK_URL",
                "CLICK_TEXT",
                "FORM_ELEMENT",
                "FORM_CLASSES",
                "FORM_ID",
                "FORM_TARGET",
                "FORM_URL",
                "FORM_TEXT",
                "ERROR_MESSAGE",
                "ERROR_URL",
                "ERROR_LINE",
                "NEW_HISTORY_FRAGMENT",
                "OLD_HISTORY_FRAGMENT",
                "NEW_HISTORY_STATE",
                "OLD_HISTORY_STATE",
                "HISTORY_SOURCE",
                "CONTAINER_VERSION",
                "DEBUG_MODE",
                "RANDOM_NUMBER",
                "CONTAINER_ID",
                "HTML_ID"
            ]
        },
        "tag": [
            {
                "accountId": "16910885",
                "containerId": "722459",
                "tagId": "2",
                "name": "Everlasting Fairytale",
                "type": "ua",
                "liveOnly": true,
                "priority": {
                    "type": "INTEGER",
                    "value": "1"
                },
                "scheduleStartMs": 1415026800000,
                "parameter": [
                    {
                        "type": "BOOLEAN",
                        "key": "enableEcommerce",
                        "value": "true"
                    },
                    {
                        "type": "BOOLEAN",
                        "key": "setTrackerName",
                        "value": "true"
                    },
                    {
                        "type": "BOOLEAN",
                        "key": "useEcommerceDataLayer",
                        "value": "true"
                    },
                    {
                        "type": "BOOLEAN",
                        "key": "doubleClick",
                        "value": "true"
                    },
                    {
                        "type": "BOOLEAN",
                        "key": "decorateFormsAutoLink",
                        "value": "true"
                    },
                    {
                        "type": "TEMPLATE",
                        "key": "trackingId",
                        "value": "{{hootandehbonei.blogspot.com}}{{My Forum}}{{Ultimate Challange}}{{everlastingfairytale.wordpress.com}}{{everlastingfa​irytale.ning.com HootanDehbonei}}{{everlastingfairytale.ning.com}}"
                    },
                    {
                        "type": "BOOLEAN",
                        "key": "enableLinkId",
                        "value": "true"
                    },
                    {
                        "type": "BOOLEAN",
                        "key": "useHashAutoLink",
                        "value": "true"
                    },
                    {
                        "type": "TEMPLATE",
                        "key": "trackerName",
                        "value": "{{hootandehbonei.blogspot.com}}{{My Forum}}{{Ultimate Challange}}{{everlastingfairytale.wordpress.com}}{{everlastingfa​irytale.ning.com HootanDehbonei}}{{everlastingfairytale.ning.com}}"
                    },
                    {
                        "type": "BOOLEAN",
                        "key": "useDebugVersion",
                        "value": "true"
                    },
                    {
                        "type": "TEMPLATE",
                        "key": "trackType",
                        "value": "TRACK_PAGEVIEW"
                    },
                    {
                        "type": "TEMPLATE",
                        "key": "functionName",
                        "value": "{{hootandehbonei.blogspot.com}}{{Ultimate Challange}}{{My Forum}}{{everlastingfairytale.wordpress.com}}{{everlastingfa​irytale.ning.com HootanDehbonei}}{{everlastingfairytale.ning.com}}"
                    },
                    {
                        "type": "TEMPLATE",
                        "key": "autoLinkDomains",
                        "value": "{{hootandehbonei.blogspot.com}}{{My Forum}}{{Ultimate Challange}}{{everlastingfairytale.wordpress.com}}{{everlastingfa​irytale.ning.com HootanDehbonei}}{{everlastingfairytale.ning.com}}"
                    }
                ],
                "fingerprint": "0"
            },
            {
                "accountId": "16910885",
                "containerId": "722459",
                "tagId": "1",
                "name": "©®™ Everlasting Fairytale",
                "type": "ua",
                "liveOnly": true,
                "priority": {
                    "type": "INTEGER",
                    "value": "1"
                },
                "scheduleStartMs": 1409148000000,
                "parameter": [
                    {
                        "type": "BOOLEAN",
                        "key": "setTrackerName",
                        "value": "true"
                    },
                    {
                        "type": "TEMPLATE",
                        "key": "trackerName",
                        "value": "UA-15911328-15{{Everlasting Fairytale Green Cultural Forum}}{{Everlasting Fairytale Education Cultural Forum}}{{Everlasting Fairytale Cultural Forum}}{{Everlasting Fairytale Club}}{{Everlasting Fairytale Community Arts Centre}}"
                    },
                    {
                        "type": "BOOLEAN",
                        "key": "useDebugVersion",
                        "value": "true"
                    },
                    {
                        "type": "BOOLEAN",
                        "key": "doubleClick",
                        "value": "true"
                    },
                    {
                        "type": "TEMPLATE",
                        "key": "trackingId",
                        "value": "{{Everlasting Fairytale Green Cultural Forum}}{{Everlasting Fairytale Education Cultural Forum}}{{Everlasting Fairytale Cultural Forum}}{{Everlasting Fairytale Club}}{{Everlasting Fairytale Community Arts Centre}}UA-15911328-15"
                    },
                    {
                        "type": "TEMPLATE",
                        "key": "trackType",
                        "value": "TRACK_TRANSACTION"
                    },
                    {
                        "type": "TEMPLATE",
                        "key": "functionName",
                        "value": "©®™ Everlasting Fairytale"
                    },
                    {
                        "type": "BOOLEAN",
                        "key": "enableLinkId",
                        "value": "true"
                    }
                ],
                "fingerprint": "0"
            }
        ],
        "fingerprint": "0",
        "trigger": [
            {
                "accountId": "16910885",
                "containerId": "722459",
                "triggerId": "3",
                "name": "Copy of Everlasting Fairytale",
                "type": "PAGEVIEW",
                "filter": [
                    {
                        "type": "CONTAINS",
                        "parameter": [
                            {
                                "type": "TEMPLATE",
                                "key": "arg0",
                                "value": "{{url}}"
                            },
                            {
                                "type": "TEMPLATE",
                                "key": "arg1",
                                "value": "http://www.everlastingfairytale.com"
                            }
                        ]
                    },
                    {
                        "type": "CONTAINS",
                        "parameter": [
                            {
                                "type": "TEMPLATE",
                                "key": "arg0",
                                "value": "{{url}}"
                            },
                            {
                                "type": "TEMPLATE",
                                "key": "arg1",
                                "value": "http://www.everlastingfairytale.org"
                            }
                        ]
                    },
                    {
                        "type": "CONTAINS",
                        "parameter": [
                            {
                                "type": "TEMPLATE",
                                "key": "arg0",
                                "value": "{{url}}"
                            },
                            {
                                "type": "TEMPLATE",
                                "key": "arg1",
                                "value": "http://www.everlastingfairytale.info"
                            }
                        ]
                    },
                    {
                        "type": "CONTAINS",
                        "parameter": [
                            {
                                "type": "TEMPLATE",
                                "key": "arg0",
                                "value": "{{url}}"
                            },
                            {
                                "type": "TEMPLATE",
                                "key": "arg1",
                                "value": "http://www.everlastingfairytale.net"
                            }
                        ]
                    },
                    {
                        "type": "CONTAINS",
                        "parameter": [
                            {
                                "type": "TEMPLATE",
                                "key": "arg0",
                                "value": "{{url}}"
                            },
                            {
                                "type": "TEMPLATE",
                                "key": "arg1",
                                "value": "http://www.everlastingfairytaleculturalfroum.co"
                            }
                        ]
                    },
                    {
                        "type": "CONTAINS",
                        "parameter": [
                            {
                                "type": "TEMPLATE",
                                "key": "arg0",
                                "value": "{{url}}"
                            },
                            {
                                "type": "TEMPLATE",
                                "key": "arg1",
                                "value": "http://www.everlastingfairytaleculturalforum.com"
                            }
                        ]
                    },
                    {
                        "type": "CONTAINS",
                        "parameter": [
                            {
                                "type": "TEMPLATE",
                                "key": "arg0",
                                "value": "{{url}}"
                            },
                            {
                                "type": "TEMPLATE",
                                "key": "arg1",
                                "value": "http://www.everlastingfairytaleculturalforum.org"
                            }
                        ]
                    },
                    {
                        "type": "CONTAINS",
                        "parameter": [
                            {
                                "type": "TEMPLATE",
                                "key": "arg0",
                                "value": "{{url}}"
                            },
                            {
                                "type": "TEMPLATE",
                                "key": "arg1",
                                "value": "http://www.everlastingfairytaleculturalfrom.net"
                            }
                        ]
                    }
                ],
                "fingerprint": "0",
                "parentFolderId": "4"
            },
            {
                "accountId": "16910885",
                "containerId": "722459",
                "triggerId": "2",
                "name": "Everlasting Fairytale",
                "type": "PAGEVIEW",
                "filter": [
                    {
                        "type": "CONTAINS",
                        "parameter": [
                            {
                                "type": "TEMPLATE",
                                "key": "arg0",
                                "value": "{{url}}"
                            },
                            {
                                "type": "TEMPLATE",
                                "key": "arg1",
                                "value": "http://www.everlastingfairytale.com"
                            }
                        ]
                    },
                    {
                        "type": "CONTAINS",
                        "parameter": [
                            {
                                "type": "TEMPLATE",
                                "key": "arg0",
                                "value": "{{url}}"
                            },
                            {
                                "type": "TEMPLATE",
                                "key": "arg1",
                                "value": "http://www.everlastingfairytale.org"
                            }
                        ]
                    },
                    {
                        "type": "CONTAINS",
                        "parameter": [
                            {
                                "type": "TEMPLATE",
                                "key": "arg0",
                                "value": "{{url}}"
                            },
                            {
                                "type": "TEMPLATE",
                                "key": "arg1",
                                "value": "http://www.everlastingfairytale.info"
                            }
                        ]
                    },
                    {
                        "type": "CONTAINS",
                        "parameter": [
                            {
                                "type": "TEMPLATE",
                                "key": "arg0",
                                "value": "{{url}}"
                            },
                            {
                                "type": "TEMPLATE",
                                "key": "arg1",
                                "value": "http://www.everlastingfairytale.net"
                            }
                        ]
                    },
                    {
                        "type": "CONTAINS",
                        "parameter": [
                            {
                                "type": "TEMPLATE",
                                "key": "arg0",
                                "value": "{{url}}"
                            },
                            {
                                "type": "TEMPLATE",
                                "key": "arg1",
                                "value": "http://www.everlastingfairytaleculturalfroum.co"
                            }
                        ]
                    },
                    {
                        "type": "CONTAINS",
                        "parameter": [
                            {
                                "type": "TEMPLATE",
                                "key": "arg0",
                                "value": "{{url}}"
                            },
                            {
                                "type": "TEMPLATE",
                                "key": "arg1",
                                "value": "http://www.everlastingfairytaleculturalforum.com"
                            }
                        ]
                    },
                    {
                        "type": "CONTAINS",
                        "parameter": [
                            {
                                "type": "TEMPLATE",
                                "key": "arg0",
                                "value": "{{url}}"
                            },
                            {
                                "type": "TEMPLATE",
                                "key": "arg1",
                                "value": "http://www.everlastingfairytaleculturalforum.org"
                            }
                        ]
                    },
                    {
                        "type": "CONTAINS",
                        "parameter": [
                            {
                                "type": "TEMPLATE",
                                "key": "arg0",
                                "value": "{{url}}"
                            },
                            {
                                "type": "TEMPLATE",
                                "key": "arg1",
                                "value": "http://www.everlastingfairytaleculturalfrom.net"
                            }
                        ]
                    }
                ],
                "fingerprint": "0",
                "parentFolderId": "4"
            },
            {
                "accountId": "16910885",
                "containerId": "722459",
                "triggerId": "1",
                "name": "Thank you",
                "type": "PAGEVIEW",
                "filter": [
                    {
                        "type": "MATCH_REGEX",
                        "parameter": [
                            {
                                "type": "TEMPLATE",
                                "key": "arg0",
                                "value": "{{url}}"
                            },
                            {
                                "type": "TEMPLATE",
                                "key": "arg1",
                                "value": ".*http://www.everlastingfairytale.com/thankyou"
                            }
                        ]
                    },
                    {
                        "type": "CONTAINS",
                        "parameter": [
                            {
                                "type": "TEMPLATE",
                                "key": "arg0",
                                "value": "{{url}}"
                            },
                            {
                                "type": "TEMPLATE",
                                "key": "arg1",
                                "value": "http://www.everlastingfairytale.org/thankyou"
                            }
                        ]
                    },
                    {
                        "type": "CONTAINS",
                        "parameter": [
                            {
                                "type": "TEMPLATE",
                                "key": "arg0",
                                "value": "{{url}}"
                            },
                            {
                                "type": "TEMPLATE",
                                "key": "arg1",
                                "value": "http://www.everlastingfairytale.info/thankyou"
                            }
                        ]
                    },
                    {
                        "type": "CONTAINS",
                        "parameter": [
                            {
                                "type": "TEMPLATE",
                                "key": "arg0",
                                "value": "{{url}}"
                            },
                            {
                                "type": "TEMPLATE",
                                "key": "arg1",
                                "value": "http;//www.everlastingfairytale.net/thankyou"
                            }
                        ]
                    },
                    {
                        "type": "CONTAINS",
                        "parameter": [
                            {
                                "type": "TEMPLATE",
                                "key": "arg0",
                                "value": "{{url}}"
                            },
                            {
                                "type": "TEMPLATE",
                                "key": "arg1",
                                "value": "http://www.everlastingfairytaleculturalforum.co/thankyou"
                            }
                        ]
                    },
                    {
                        "type": "CONTAINS",
                        "parameter": [
                            {
                                "type": "TEMPLATE",
                                "key": "arg0",
                                "value": "{{url}}"
                            },
                            {
                                "type": "TEMPLATE",
                                "key": "arg1",
                                "value": "http://www.everlastingfairytaleculturalforum.com/thankyou"
                            }
                        ]
                    },
                    {
                        "type": "CONTAINS",
                        "parameter": [
                            {
                                "type": "TEMPLATE",
                                "key": "arg0",
                                "value": "{{url}}"
                            },
                            {
                                "type": "TEMPLATE",
                                "key": "arg1",
                                "value": "http://everlastingfairytaleculturalforum.net/thankyou"
                            }
                        ]
                    },
                    {
                        "type": "CONTAINS",
                        "parameter": [
                            {
                                "type": "TEMPLATE",
                                "key": "arg0",
                                "value": "{{url}}"
                            },
                            {
                                "type": "TEMPLATE",
                                "key": "arg1",
                                "value": "http://everlastingfairytaleculturalforum.org/thankyou"
                            }
                        ]
                    }
                ],
                "fingerprint": "0",
                "parentFolderId": "4"
            }
        ],
        "variable": [
            {
                "accountId": "16910885",
                "containerId": "722459",
                "variableId": "32",
                "name": "Everlasting Fairytale Club",
                "type": "c",
                "parameter": [
                    {
                        "type": "TEMPLATE",
                        "key": "value",
                        "value": "UA-15911328-20"
                    }
                ],
                "fingerprint": "0",
                "parentFolderId": "4"
            },
            {
                "accountId": "16910885",
                "containerId": "722459",
                "variableId": "31",
                "name": "Everlasting Fairytale Community Arts Centre",
                "type": "c",
                "parameter": [
                    {
                        "type": "TEMPLATE",
                        "key": "value",
                        "value": "UA-15911328-19"
                    }
                ],
                "fingerprint": "0",
                "parentFolderId": "4"
            },
            {
                "accountId": "16910885",
                "containerId": "722459",
                "variableId": "18",
                "name": "Everlasting Fairytale Cultural Forum",
                "type": "c",
                "parameter": [
                    {
                        "type": "TEMPLATE",
                        "key": "value",
                        "value": "UA-15911328-17"
                    }
                ],
                "fingerprint": "0",
                "parentFolderId": "4"
            },
            {
                "accountId": "16910885",
                "containerId": "722459",
                "variableId": "35",
                "name": "Everlasting Fairytale Education Cultural Forum",
                "type": "c",
                "parameter": [
                    {
                        "type": "TEMPLATE",
                        "key": "value",
                        "value": "UA-15911328-23"
                    }
                ],
                "fingerprint": "0",
                "parentFolderId": "4"
            },
            {
                "accountId": "16910885",
                "containerId": "722459",
                "variableId": "19",
                "name": "Everlasting Fairytale Green Cultural Forum",
                "type": "c",
                "parameter": [
                    {
                        "type": "TEMPLATE",
                        "key": "value",
                        "value": "UA-15911328-18"
                    }
                ],
                "fingerprint": "0",
                "parentFolderId": "4"
            },
            {
                "accountId": "16910885",
                "containerId": "722459",
                "variableId": "34",
                "name": "Everlasting Fairytale Human Right Cultural Forum",
                "type": "c",
                "parameter": [
                    {
                        "type": "TEMPLATE",
                        "key": "value",
                        "value": "UA-15911328-22"
                    }
                ],
                "fingerprint": "0",
                "parentFolderId": "4"
            },
            {
                "accountId": "16910885",
                "containerId": "722459",
                "variableId": "20",
                "name": "Everlasting Fairytale Quickstart",
                "type": "c",
                "parameter": [
                    {
                        "type": "TEMPLATE",
                        "key": "value",
                        "value": "UA-15911328-16"
                    }
                ],
                "fingerprint": "0",
                "parentFolderId": "4"
            },
            {
                "accountId": "16910885",
                "containerId": "722459",
                "variableId": "17",
                "name": "Everlasting Fairytale in Xanga",
                "type": "c",
                "parameter": [
                    {
                        "type": "TEMPLATE",
                        "key": "value",
                        "value": "UA-15911328-12"
                    }
                ],
                "fingerprint": "0",
                "parentFolderId": "4"
            },
            {
                "accountId": "16910885",
                "containerId": "722459",
                "variableId": "26",
                "name": "Everlasting Fairytale yahoo group",
                "type": "c",
                "parameter": [
                    {
                        "type": "TEMPLATE",
                        "key": "value",
                        "value": "UA-15911328-7"
                    }
                ],
                "fingerprint": "0",
                "parentFolderId": "4"
            },
            {
                "accountId": "16910885",
                "containerId": "722459",
                "variableId": "33",
                "name": "My Forum",
                "type": "c",
                "parameter": [
                    {
                        "type": "TEMPLATE",
                        "key": "value",
                        "value": "UA-15911328-21"
                    }
                ],
                "fingerprint": "0",
                "parentFolderId": "4"
            },
            {
                "accountId": "16910885",
                "containerId": "722459",
                "variableId": "29",
                "name": "Ultimate Challange",
                "type": "c",
                "parameter": [
                    {
                        "type": "TEMPLATE",
                        "key": "value",
                        "value": "UA-15911328-14"
                    }
                ],
                "fingerprint": "0",
                "parentFolderId": "4"
            },
            {
                "accountId": "16910885",
                "containerId": "722459",
                "variableId": "6",
                "name": "element",
                "type": "aev",
                "parameter": [
                    {
                        "type": "TEMPLATE",
                        "key": "varType",
                        "value": "ELEMENT"
                    }
                ],
                "fingerprint": "0",
                "parentFolderId": "4"
            },
            {
                "accountId": "16910885",
                "containerId": "722459",
                "variableId": "7",
                "name": "element classes",
                "type": "aev",
                "parameter": [
                    {
                        "type": "TEMPLATE",
                        "key": "varType",
                        "value": "CLASSES"
                    }
                ],
                "fingerprint": "0",
                "parentFolderId": "4"
            },
            {
                "accountId": "16910885",
                "containerId": "722459",
                "variableId": "8",
                "name": "element id",
                "type": "aev",
                "parameter": [
                    {
                        "type": "TEMPLATE",
                        "key": "varType",
                        "value": "ID"
                    }
                ],
                "fingerprint": "0",
                "parentFolderId": "4"
            },
            {
                "accountId": "16910885",
                "containerId": "722459",
                "variableId": "9",
                "name": "element target",
                "type": "aev",
                "parameter": [
                    {
                        "type": "TEMPLATE",
                        "key": "varType",
                        "value": "TARGET"
                    }
                ],
                "fingerprint": "0",
                "parentFolderId": "4"
            },
            {
                "accountId": "16910885",
                "containerId": "722459",
                "variableId": "10",
                "name": "element text",
                "type": "aev",
                "parameter": [
                    {
                        "type": "TEMPLATE",
                        "key": "varType",
                        "value": "TEXT"
                    }
                ],
                "fingerprint": "0",
                "parentFolderId": "4"
            },
            {
                "accountId": "16910885",
                "containerId": "722459",
                "variableId": "11",
                "name": "element url",
                "type": "aev",
                "parameter": [
                    {
                        "type": "TEMPLATE",
                        "key": "varType",
                        "value": "URL"
                    }
                ],
                "fingerprint": "0",
                "parentFolderId": "4"
            },
            {
                "accountId": "16910885",
                "containerId": "722459",
                "variableId": "5",
                "name": "event",
                "type": "e",
                "fingerprint": "0",
                "parentFolderId": "4"
            },
            {
                "accountId": "16910885",
                "containerId": "722459",
                "variableId": "21",
                "name": "everlastingfairytale.com",
                "type": "c",
                "parameter": [
                    {
                        "type": "TEMPLATE",
                        "key": "value",
                        "value": "UA-15911328-10"
                    }
                ],
                "fingerprint": "0",
                "parentFolderId": "4"
            },
            {
                "accountId": "16910885",
                "containerId": "722459",
                "variableId": "22",
                "name": "everlastingfairytale.ning.com",
                "type": "c",
                "parameter": [
                    {
                        "type": "TEMPLATE",
                        "key": "value",
                        "value": "UA-15911328-1"
                    }
                ],
                "fingerprint": "0",
                "parentFolderId": "4"
            },
            {
                "accountId": "16910885",
                "containerId": "722459",
                "variableId": "24",
                "name": "everlastingfairytale.typepad.com",
                "type": "c",
                "parameter": [
                    {
                        "type": "TEMPLATE",
                        "key": "value",
                        "value": "UA-15911328-11"
                    }
                ],
                "fingerprint": "0",
                "parentFolderId": "4"
            },
            {
                "accountId": "16910885",
                "containerId": "722459",
                "variableId": "25",
                "name": "everlastingfairytale.wordpress.com",
                "type": "c",
                "parameter": [
                    {
                        "type": "TEMPLATE",
                        "key": "value",
                        "value": "UA-15911328-3"
                    }
                ],
                "fingerprint": "0",
                "parentFolderId": "4"
            },
            {
                "accountId": "16910885",
                "containerId": "722459",
                "variableId": "23",
                "name": "everlastingfa​irytale.ning.com HootanDehbonei",
                "type": "c",
                "parameter": [
                    {
                        "type": "TEMPLATE",
                        "key": "value",
                        "value": "UA-15911328-6"
                    }
                ],
                "fingerprint": "0",
                "parentFolderId": "4"
            },
            {
                "accountId": "16910885",
                "containerId": "722459",
                "variableId": "16",
                "name": "history change source",
                "type": "aev",
                "parameter": [
                    {
                        "type": "TEMPLATE",
                        "key": "varType",
                        "value": "HISTORY_CHANGE_SOURCE"
                    }
                ],
                "fingerprint": "0",
                "parentFolderId": "4"
            },
            {
                "accountId": "16910885",
                "containerId": "722459",
                "variableId": "14",
                "name": "history new state",
                "type": "aev",
                "parameter": [
                    {
                        "type": "TEMPLATE",
                        "key": "varType",
                        "value": "HISTORY_NEW_STATE"
                    }
                ],
                "fingerprint": "0",
                "parentFolderId": "4"
            },
            {
                "accountId": "16910885",
                "containerId": "722459",
                "variableId": "12",
                "name": "history new url fragment",
                "type": "aev",
                "parameter": [
                    {
                        "type": "TEMPLATE",
                        "key": "varType",
                        "value": "HISTORY_NEW_URL_FRAGMENT"
                    }
                ],
                "fingerprint": "0",
                "parentFolderId": "4"
            },
            {
                "accountId": "16910885",
                "containerId": "722459",
                "variableId": "15",
                "name": "history old state",
                "type": "aev",
                "parameter": [
                    {
                        "type": "TEMPLATE",
                        "key": "varType",
                        "value": "HISTORY_OLD_STATE"
                    }
                ],
                "fingerprint": "0",
                "parentFolderId": "4"
            },
            {
                "accountId": "16910885",
                "containerId": "722459",
                "variableId": "13",
                "name": "history old url fragment",
                "type": "aev",
                "parameter": [
                    {
                        "type": "TEMPLATE",
                        "key": "varType",
                        "value": "HISTORY_OLD_URL_FRAGMENT"
                    }
                ],
                "fingerprint": "0",
                "parentFolderId": "4"
            },
            {
                "accountId": "16910885",
                "containerId": "722459",
                "variableId": "27",
                "name": "hootandehbonei.blogspot.com",
                "type": "c",
                "parameter": [
                    {
                        "type": "TEMPLATE",
                        "key": "value",
                        "value": "UA-15911328-2"
                    }
                ],
                "fingerprint": "0",
                "parentFolderId": "4"
            },
            {
                "accountId": "16910885",
                "containerId": "722459",
                "variableId": "4",
                "name": "referrer",
                "type": "f",
                "fingerprint": "0",
                "parentFolderId": "4"
            },
            {
                "accountId": "16910885",
                "containerId": "722459",
                "variableId": "30",
                "name": "shopfactory",
                "type": "c",
                "parameter": [
                    {
                        "type": "TEMPLATE",
                        "key": "value",
                        "value": "UA-23729778-1"
                    }
                ],
                "fingerprint": "0",
                "parentFolderId": "4"
            },
            {
                "accountId": "16910885",
                "containerId": "722459",
                "variableId": "28",
                "name": "spree forum hootan profile",
                "type": "c",
                "parameter": [
                    {
                        "type": "TEMPLATE",
                        "key": "value",
                        "value": "UA-15911328-5"
                    }
                ],
                "fingerprint": "0",
                "parentFolderId": "4"
            },
            {
                "accountId": "16910885",
                "containerId": "722459",
                "variableId": "1",
                "name": "url",
                "type": "u",
                "parameter": [
                    {
                        "type": "TEMPLATE",
                        "key": "component",
                        "value": "URL"
                    }
                ],
                "fingerprint": "0",
                "parentFolderId": "4"
            },
            {
                "accountId": "16910885",
                "containerId": "722459",
                "variableId": "2",
                "name": "url hostname",
                "type": "u",
                "parameter": [
                    {
                        "type": "TEMPLATE",
                        "key": "component",
                        "value": "HOST"
                    }
                ],
                "fingerprint": "0",
                "parentFolderId": "4"
            },
            {
                "accountId": "16910885",
                "containerId": "722459",
                "variableId": "3",
                "name": "url path",
                "type": "u",
                "parameter": [
                    {
                        "type": "TEMPLATE",
                        "key": "component",
                        "value": "PATH"
                    }
                ],
                "fingerprint": "0",
                "parentFolderId": "4"
            }
        ],
        "folder": [
            {
                "accountId": "16910885",
                "containerId": "722459",
                "folderId": "4",
                "name": "Everlasting Fairytale",
                "fingerprint": "1444227208277"
            }
        ]
    }
}